Ответ на запросы после вызова процедуры:

mysql> select * from employees.dept_emp where emp_no = 10001;
+--------+---------+------------+------------+
| emp_no | dept_no | from_date  | to_date    |
+--------+---------+------------+------------+
|  10001 | d005    | 1986-06-26 | 2023-03-21 |
+--------+---------+------------+------------+
1 row in set (0.00 sec)

mysql> select * from salaries where emp_no = 10001;
+--------+--------+------------+------------+
| emp_no | salary | from_date  | to_date    |
+--------+--------+------------+------------+
|  10001 |  60117 | 1986-06-26 | 2023-03-21 |
+--------+---------+------------+------------+
1 row in set (0.00 sec)


mysql> select * from titles where emp_no = 10001;
+--------+-----------------+------------+------------+
| emp_no | title           | from_date  | to_date    |
+--------+-----------------+------------+------------+
|  10001 | Senior Engineer | 1986-06-26 | 2023-03-21 |
+--------+-----------------+------------+------------+
1 row in set (0.00 sec)